smiles,selectivity
CON(C)C(=O)Cc1ccccc1C,ortho
CON(C)C(=O)Cc1ccccc1C(F)(F)F,ortho
O=C(Cc1ccccc1)Nc1cccc2cccnc12,ortho
CCC(C(=O)Nc1cccc2cccnc12)c1ccccc1,ortho
CC(C)Cc1ccc(C(C)C(=O)Nc2cccc3cccnc23)cc1,ortho
CC(C(=O)Nc1cccc2cccnc12)c1cccc(Cl)c1,ortho
CON(C)C(=O)Cc1cccc(C)c1,ortho
CON(C)C(=O)Cc1ccccc1,ortho
CON(C)C(=O)Cc1ccc(C)cc1,ortho
COc1ccccc1CC(=O)N(C)OC,ortho
CON(C)C(=O)Cc1ccccc1F,ortho
CON(C)C(=O)Cc1cccc(Cl)c1,ortho
CON(C)C(=O)Cc1ccc(C(F)(F)F)cc1,ortho
CON(C)C(=O)Cc1ccc(Cl)cc1Cl,ortho
CON(C)C(=O)c1ccccc1-c1ccccc1,ortho
COC(=O)Cc1ccccc1,ortho
CC(C)OC(=O)Cc1ccccc1,ortho
Cc1ccccc1CC(=O)OC(C)C,ortho
Cc1cccc(CC(=O)OC(C)C)c1,ortho
CCOC(=O)Cc1cc(OC)ccc1OC,ortho
COc1cc(CC(=O)OC(C)C)c(OC)cc1Cl,ortho
CC(=O)Cc1ccccc1,ortho
CCC(=O)Cc1ccccc1,ortho
CC(=O)Cc1ccccc1C,ortho
COc1cccc(CC(C)=O)c1,ortho
COc1ccc(CC(C)=O)cc1OC,ortho
CC(=O)Cc1ccccc1F,ortho
CC(=O)Cc1ccc(Cl)cc1,ortho
CC(=O)Cc1cccc(C(F)(F)F)c1,ortho
CC(=O)CCc1ccccc1,ortho
CC(C)[Si](Cc1ccccc1)(Oc1ccc(-c2ccccc2C#N)cc1)C(C)C,para
CC(C)[Si](Oc1ccc(-c2ccccc2C#N)cc1)(C(C)C)C(c1ccccc1)c1ccccc1,para
Cc1cc(C)c(C)c(C[Si](Oc2ccc(-c3ccccc3C#N)cc2)(C(C)C)C(C)C)c1C,para
Cc1cccc(C)c1C[Si](Oc1ccc(-c2ccccc2C#N)cc1)(C(C)C)C(C)C,para
CC(C)[Si](Cc1cccc(F)c1)(Oc1ccc(-c2ccccc2C#N)cc1)C(C)C,para
CC(C)[Si](Oc1ccc(-c2ccccc2C#N)cc1)(C(C)C)C(C)c1ccccc1,para
CC(C)[Si](Cc1ccc(-c2ccccc2C#N)cc1)(Oc1ccccc1)C(C)C,para
Cc1ccccc1O[Si](Cc1ccc(-c2ccccc2C#N)cc1)(C(C)C)C(C)C,para
CC(C)[Si](Cc1ccc(-c2ccccc2C#N)cc1)(Oc1ccccc1-c1ccccc1)C(C)C,para
CC(C)[Si](Cc1ccc(-c2ccccc2C#N)cc1)(Oc1cccc(Cl)c1)C(C)C,para
CC(C)[Si](Cc1ccc(-c2ccccc2C#N)cc1)(Oc1cccc(-c2cc3ccccc3s2)c1)C(C)C,para
Cc1cccc(C)c1-c1cccc(O[Si](Cc2ccc(-c3ccccc3C#N)cc2)(C(C)C)C(C)C)c1,para
COc1ccccc1O[Si](Cc1ccc(-c2ccccc2C#N)cc1)(C(C)C)C(C)C,para
COc1cc(C#N)c(-c2ccc(C[Si](Oc3ccccc3)(C(C)C)C(C)C)cc2)cc1OC,para
COc1cc(C#N)c(-c2ccc(C[Si](Oc3ccccc3C)(C(C)C)C(C)C)cc2)cc1OC,para
COc1cc(C#N)c(-c2ccc(C[Si](Oc3cc(F)ccc3C)(C(C)C)C(C)C)cc2)cc1OC,para
Cc1cccc(CCC(=O)N(Cc2cccc(-c3cccnc3Cl)c2)S(=O)(=O)c2ccc(Br)cc2)c1,para
COc1cccc(CCC(=O)N(Cc2cccc(-c3cccnc3Cl)c2)S(=O)(=O)c2ccc(Br)cc2)c1,para
O=C(CCc1cccc(F)c1)N(Cc1cccc(-c2cccnc2Cl)c1)S(=O)(=O)c1ccc(Br)cc1,para
O=C(CCc1cccc(Cl)c1)N(Cc1cccc(-c2cccnc2Cl)c1)S(=O)(=O)c1ccc(Br)cc1,para
O=C(CCc1cccc(OC(F)(F)F)c1)N(Cc1cccc(-c2cccnc2Cl)c1)S(=O)(=O)c1ccc(Br)cc1,para
Cc1cccc(C)c1CCC(=O)N(Cc1cccc(-c2cccnc2Cl)c1)S(=O)(=O)c1ccc(Br)cc1,para
Cc1c(F)cccc1CCC(=O)N(Cc1cccc(-c2cccnc2Cl)c1)S(=O)(=O)c1ccc(Br)cc1,para
Cc1ccc(F)cc1CCC(=O)N(Cc1cccc(-c2cccnc2Cl)c1)S(=O)(=O)c1ccc(Br)cc1,para
O=C(CCc1cc(F)cc(F)c1)N(Cc1cccc(-c2cccnc2Cl)c1)S(=O)(=O)c1ccc(Br)cc1,para
O=C(CCc1cccc(F)c1Cl)N(Cc1cccc(-c2cccnc2Cl)c1)S(=O)(=O)c1ccc(Br)cc1,para
O=C(CCc1cc(F)cc(Cl)c1)N(Cc1cccc(-c2cccnc2Cl)c1)S(=O)(=O)c1ccc(Br)cc1,para
CC(CC(=O)N(Cc1ccccc1-c1cccnc1Cl)S(=O)(=O)c1ccc(Br)cc1)c1ccccc1,para
CCC(CC(=O)N(Cc1ccccc1-c1cccnc1Cl)S(=O)(=O)c1ccc(Br)cc1)c1ccccc1,para
CN(Cc1cccc(-c2cccnc2F)c1)C(=O)CCc1ccccc1,para
CN(Cc1cccc(-c2cccnc2Cl)c1)C(=O)CCc1ccccc1,para
Cc1ccc(S(=O)(=O)N(Cc2cccc(-c3cccnc3F)c2)C(=O)CCc2ccccc2)cc1,para
O=C(CCc1ccccc1)N(Cc1cccc(-c2cccnc2F)c1)S(=O)(=O)c1ccc(Br)cc1,para
O=C(CCc1ccccc1)N(Cc1cccc(-c2cccnc2Cl)c1)S(=O)(=O)c1ccc(Br)cc1,para
Cc1ccccc1CCC(=O)N(Cc1cccc(-c2cccnc2Cl)c1)S(=O)(=O)c1ccc(Br)cc1,para
O=C(CCc1ccccc1Cl)N(Cc1cccc(-c2cccnc2Cl)c1)S(=O)(=O)c1ccc(Br)cc1,para
O=C(CCc1ccccc1OC(F)(F)F)N(Cc1cccc(-c2cccnc2Cl)c1)S(=O)(=O)c1ccc(Br)cc1,para
CC(CC(=O)N(Cc1cccc(-c2cccnc2Cl)c1)S(=O)(=O)c1ccc(Br)cc1)c1ccccc1,para
CCC(CC(=O)N(Cc1cccc(-c2cccnc2Cl)c1)S(=O)(=O)c1ccc(Br)cc1)c1ccccc1,para
O=C(c1ccccc1-c1ccccc1)N(Cc1cccc(-c2cccnc2Cl)c1)S(=O)(=O)c1ccc(Br)cc1,para
Cc1ccccc1-c1ccccc1C(=O)N(Cc1cccc(-c2cccnc2Cl)c1)S(=O)(=O)c1ccc(Br)cc1,para
COc1cccc(-c2ccccc2C(=O)N(Cc2cccc(-c3cccnc3Cl)c2)S(=O)(=O)c2ccc(Br)cc2)c1,para
O=C(c1ccccc1-c1cccc(F)c1)N(Cc1cccc(-c2cccnc2Cl)c1)S(=O)(=O)c1ccc(Br)cc1,para
O=C(c1ccccc1-c1cc(F)cc(F)c1)N(Cc1cccc(-c2cccnc2Cl)c1)S(=O)(=O)c1ccc(Br)cc1,para
O=C(OCc1ccccc1)N(Cc1cccc(-c2cccnc2Cl)c1)S(=O)(=O)c1ccc(Br)cc1,para
O=C(OCc1cccc(F)c1)N(Cc1cccc(-c2cccnc2Cl)c1)S(=O)(=O)c1ccc(Br)cc1,para
O=C(OCc1cccc(Cl)c1)N(Cc1cccc(-c2cccnc2Cl)c1)S(=O)(=O)c1ccc(Br)cc1,para
CC(C)(C)c1cc(C(C)(C)C)c(OCc2ccccc2)c(C(C#N)(C(C)(C)C)C(C)(C)C)c1,meta
Cc1ccccc1COc1c(C(C)(C)C)cc(C(C)(C)C)cc1C(C#N)(C(C)(C)C)C(C)(C)C,meta
CC(C)(C)c1cc(C(C)(C)C)c(OCc2ccccc2Br)c(C(C#N)(C(C)(C)C)C(C)(C)C)c1,meta
CC(C)(C)c1cc(C(C)(C)C)c(OCc2cccc(F)c2)c(C(C#N)(C(C)(C)C)C(C)(C)C)c1,meta
Cc1cccc(COc2c(C(C)(C)C)cc(C(C)(C)C)cc2C(C#N)(C(C)(C)C)C(C)(C)C)c1,meta
CC(C)(C)c1cc(C(C)(C)C)c(OCc2c(F)cccc2F)c(C(C#N)(C(C)(C)C)C(C)(C)C)c1,meta
N#Cc1ccccc1N(C(=O)CCc1cccc(C(F)(F)F)c1)c1ccccc1C#N,meta
COc1ccc(CCC(=O)N(c2cc(OC)ccc2C#N)c2cc(OC)ccc2C#N)cc1,meta
COc1ccccc1OC(C)(C)C(=O)N(c1ccccc1C#N)c1ccccc1C#N,meta
CC(C)(Oc1ccccc1C(F)(F)F)C(=O)N(c1ccccc1C#N)c1ccccc1C#N,meta
CN(C(=O)C(F)Oc1ccccc1C#N)c1ccccc1,meta
N#Cc1ccccc1OC(F)C(=O)N1CCCc2ccccc21,meta
CC1CCc2ccccc2N1C(=O)C(F)Oc1ccccc1C#N,meta
CC1COc2ccccc2N1C(=O)C(F)Oc1ccccc1C#N,meta
COc1ccc(OC(=O)Cc2ccccc2)c(C#N)c1,meta
COc1ccc(OC(=O)C(C)c2cccc(CC(C)C)c2)c(C#N)c1,meta
COc1ccc(OC(=O)Cc2cccc(F)c2)c(C#N)c1,meta
N#Cc1ccccc1N(C(=O)Cc1ccccc1)c1ccccc1C#N,meta
N#Cc1ccccc1N(C(=O)Cc1ccc(F)cc1Cl)c1ccccc1C#N,meta
Cc1cccc(CC(=O)N(c2ccccc2C#N)c2ccccc2C#N)c1C,meta
CN(CCc1ccccc1)C(=O)c1ccccc1C#N,meta
CN(CCc1ccc(F)cc1)C(=O)c1ccccc1C#N,meta
Cc1cccc(CCN(C)C(=O)c2ccccc2C#N)c1,meta
N#Cc1ccccc1N(C(=O)CCc1ccccc1)c1ccccc1C#N,meta
CN(CCOc1ccccc1C#N)C(=O)c1ccc(Cl)cc1,meta
COc1ccccc1C(=O)N(C)CCOc1ccccc1C#N,meta
Cc1cccc(C(=O)N(C)CCOc2ccccc2C#N)c1,meta
N#Cc1ccccc1C(=O)Oc1ccccc1-c1ccccc1,meta
Cc1ccccc1CCC(=O)N(c1ccccc1F)c1ccccc1C#N,meta
N#Cc1ccccc1N(C(=O)CCc1ccccc1C(F)(F)F)c1ccccc1F,meta
N#Cc1ccccc1N(C(=O)CCc1cccc(F)c1)c1ccccc1F,meta
CCC(C)C(C#N)(c1cccc([Si](OCc2ccccc2)(C(C)C)C(C)C)c1)C(C)CC,meta
CCC(C)C(C#N)(c1cccc([Si](OCc2cccc(C)c2)(C(C)C)C(C)C)c1)C(C)CC,meta
CCC(C)C(C#N)(c1cccc([Si](OCc2cccc(F)c2)(C(C)C)C(C)C)c1)C(C)CC,meta
CCC(C)C(C#N)(c1cccc([Si](OCc2cccc(Cl)c2)(C(C)C)C(C)C)c1)C(C)CC,meta
CCC(C)C(C#N)(c1cccc([Si](OCc2cccc(Br)c2)(C(C)C)C(C)C)c1)C(C)CC,meta
COc1ccc(O[Si](Cc2ccccc2)(C(C)C)C(C)C)c(C#N)c1,meta
COc1ccc(O[Si](Cc2ccccc2OC(F)(F)F)(C(C)C)C(C)C)c(C#N)c1,meta
COc1ccc(O[Si](Cc2cc(OC)ccc2Br)(C(C)C)C(C)C)c(C#N)c1,meta
N#Cc1ccccc1OS(=O)(=O)Cc1ccccc1,meta
N#Cc1ccccc1OS(=O)(=O)CCc1ccccc1,meta
N#Cc1ccccc1OC(=O)CCc1ccccc1,meta
COc1ccc(OCCCc2cccc(C)c2)c(C#N)c1,meta
CCOC(=O)c1ccc(OCCOc2ccc(OC)cc2C#N)cc1,meta
COc1ccc(OCCN(C(=O)OC(C)(C)C)c2ccccc2)c(C#N)c1,meta
COc1ccc(OCCc2ccccc2)c(C#N)c1,meta
COc1ccc(OCC(=O)OCCOc2ccccc2)c(C#N)c1,meta
COc1ccc(OCC(=O)OCCOc2cccc(C)c2)c(C#N)c1,meta
CCOP(=O)(Cc1ccccc1)Oc1ccccc1C#N,meta
CC(C)c1cc(-c2cccnc2F)c(NC(=O)Cc2ccccc2)c(C(C)C)c1,meta
Cc1cccc(CC(=O)Nc2c(-c3cccnc3F)cc(C(C)C)cc2C(C)C)c1,meta
CC(C)c1cc(-c2cccnc2F)c(NC(=O)C2CCc3ccccc32)c(C(C)C)c1,meta
c1ccc(CCCCCCOc2ccccc2-c2cncnc2)cc1,meta
c1ccc(CCCOc2ccccc2-c2cncnc2)cc1,meta
N#Cc1ccccc1OC(=O)c1ccccc1-c1ccccc1,meta
CCC(C#N)(CC)c1cccc([Si](Oc2ccccc2)(C(C)C)C(C)C)c1,meta
COc1ccc(S(=O)(=O)N2CCc3ccccc32)cc1C(C#N)(C(C)(C)C)C(C)(C)C,meta
COc1ccc(S(=O)(=O)N2c3ccccc3[C@]3(C)CCO[C@H]23)cc1C(C#N)(C(C)(C)C)C(C)(C)C,meta
Cc1ccccc1C(=O)N(CCc1ccccc1C#N)S(=O)(=O)c1ccc([N+](=O)[O-])cc1,meta
COc1c(Cl)cccc1C(=O)N(CCc1ccccc1C#N)S(=O)(=O)c1ccc([N+](=O)[O-])cc1,meta
N#Cc1ccccc1N(C(=O)CC(CN1C(=O)c2ccccc2C1=O)c1ccccc1)c1ccccc1C#N,meta
N#Cc1ccccc1N(C(=O)c1ccccc1-c1ccccc1)c1ccccc1C#N,meta
CC(C)(Oc1ccccc1)C(=O)N(c1ccccc1C#N)c1ccccc1C#N,meta
Cc1ccccc1OC(C)(C)C(=O)N(c1ccccc1C#N)c1ccccc1C#N,meta
N#Cc1ccccc1S(=O)(=O)N1CCOc2ccccc21,meta
N#Cc1ccccc1OS(=O)(=O)Cc1ccccc1Cl,meta
N#Cc1ccccc1OS(=O)(=O)Cc1ccc(F)cc1,meta
CC(C)c1ccc(CS(=O)(=O)Oc2ccccc2C#N)cc1,meta
N#Cc1ccccc1OS(=O)(=O)Cc1cccc(F)c1F,meta
N#Cc1ccccc1OS(=O)(=O)Cc1ccc(F)c(Br)c1,meta
N#Cc1ccccc1OS(=O)(=O)Cc1ccc(Br)cc1Br,meta
N#Cc1ccccc1OS(=O)(=O)Cc1ccccc1Oc1ccccc1,meta
CCC[C@@]12CCN(C(=O)OC)[C@@H]1N(S(=O)(=O)c1ccc(OC)c(C(C#N)(C(C)(C)C)C(C)(C)C)c1)c1ccccc12,meta
Cc1ccc2c(c1)CCN(S(=O)(=O)c1ccccc1C#N)C2,meta
CC1CN(S(=O)(=O)c2ccccc2C#N)Cc2ccccc21,meta
N#Cc1ccccc1S(=O)(=O)N1CC2(CCCCC2)c2ccccc21,meta
N#Cc1ccccc1S(=O)(=O)N1CCCc2ccccc21,meta
CCOP(=O)(Cc1ccc(F)c(Br)c1)Oc1ccccc1C#N,meta
CCOP(=O)(Cc1cc(F)ccc1F)Oc1ccccc1C#N,meta
CCOP(=O)(Cc1ccc(C)cc1)Oc1ccccc1C#N,meta
CCOP(=O)(Cc1ccc(OC)cc1)Oc1ccccc1C#N,meta
CCOP(=O)(Cc1ccc(Cl)cc1)Oc1ccccc1C#N,meta
Cc1cccc(COC(=O)c2c(C)cccc2-c2cccnc2F)c1,meta
Cc1cccc(-c2cccnc2F)c1C(=O)OCc1cccc(Cl)c1,meta
Cc1cccc(-c2cccnc2F)c1C(=O)OC(C)Cc1ccc2ccccc2c1,meta
COc1ccc(CCOC(=O)c2c(C)cccc2-c2cccnc2F)cc1OC,meta
Cc1cccc(-c2cccnc2F)c1C(=O)OCc1ccccc1Cl,meta
COc1c(F)cccc1COC(=O)c1c(C)cccc1-c1cccnc1F,meta
O=[N+]([O-])c1cccc2cc(-c3ccccc3OS(=O)(=O)Cc3ccccc3)cnc12,meta
Cc1cccc(CS(=O)(=O)Oc2ccccc2-c2cnc3c([N+](=O)[O-])cccc3c2)c1,meta
O=[N+]([O-])c1cccc2cc(-c3ccccc3OS(=O)(=O)Cc3cc(F)ccc3F)cnc12,meta
Cc1ccc(S(=O)(=O)N2CC(C(=O)Nc3c(-c4cccnc4F)cc(C(C)C)cc3C(C)C)c3ccccc32)cc1,meta
CC(C)[Si](Cc1ccccc1)(Oc1ccccc1-c1cncnc1)C(C)C,meta
Cc1cccc(-c2cccnc2F)c1C(=O)OCc1ccccc1,meta
CC(C)[Si](Cc1ccccc1OC(F)(F)F)(Oc1ccccc1-c1cncnc1)C(C)C,meta
CC(C)[Si](Cc1ccc(Cl)cc1)(Oc1ccccc1-c1cncnc1)C(C)C,meta
C#CC(c1cc(C(C)(C)C)cc(C(C)(C)C)c1OCc1ccccc1)(C(C)(C)C)C(C)(C)C,none
CC(C)(C)c1ccc(OCc2ccccc2)c(C(C)(C)C)c1C(C#N)(C(C)(C)C)C(C)(C)C,none
C#CC(c1cc(C(C)(C)C)cc(C(C)(C)C)c1OCc1ccccc1C)(C(C)(C)C)C(C)(C)C,none
Cc1ccccc1COc1ccc(C(C)(C)C)c(C(C#N)(C(C)(C)C)C(C)(C)C)c1C(C)(C)C,none
C#CC(c1cc(C(C)(C)C)cc(C(C)(C)C)c1OCc1ccccc1Br)(C(C)(C)C)C(C)(C)C,none
CC(C)(C)c1ccc(OCc2ccccc2Br)c(C(C)(C)C)c1C(C#N)(C(C)(C)C)C(C)(C)C,none
C#CC(c1cc(C(C)(C)C)cc(C(C)(C)C)c1OCc1cccc(F)c1)(C(C)(C)C)C(C)(C)C,none
CC(C)(C)c1ccc(OCc2cccc(F)c2)c(C(C)(C)C)c1C(C#N)(C(C)(C)C)C(C)(C)C,none
C#CC(c1cc(C(C)(C)C)cc(C(C)(C)C)c1OCc1cccc(C)c1)(C(C)(C)C)C(C)(C)C,none
Cc1cccc(COc2ccc(C(C)(C)C)c(C(C#N)(C(C)(C)C)C(C)(C)C)c2C(C)(C)C)c1,none
C#CC(c1cc(C(C)(C)C)cc(C(C)(C)C)c1OCc1c(F)cccc1F)(C(C)(C)C)C(C)(C)C,none
CC(C)(C)c1ccc(OCc2c(F)cccc2F)c(C(C)(C)C)c1C(C#N)(C(C)(C)C)C(C)(C)C,none
COc1ccc(C#CC(=O)N(c2cccc(OC)c2)c2cc(OC)ccc2C#N)cc1,none
COc1ccc(CCC(=O)N(c2ccc(C#N)c(OC)c2)c2ccc(C#N)c(OC)c2)cc1,none
C#Cc1ccccc1N(C(=O)CCc1cccc(C(F)(F)F)c1)c1ccccc1C#C,none
N#Cc1ccc(N(C(=O)CCc2cccc(C(F)(F)F)c2)c2ccc(C#N)cc2)cc1,none
COc1ccc(CCC(=O)N(c2cccc(OC)c2)c2cccc(OC)c2)cc1,none
N#Cc1ccccc1N(C(=O)C#Cc1ccc(C(F)(F)F)cc1)c1ccccc1C#N,none
Cc1ccccc1N(C(=O)c1ccccc1-c1ccccc1)c1ccccc1C,none
N#Cc1ccc(N(C(=O)CC(CN2C(=O)c3ccccc3C2=O)c2ccccc2)c2ccc(C#N)cc2)cc1,none
C#Cc1ccccc1N(C(=O)CC(CN1C(=O)c2ccccc2C1=O)c1ccccc1)c1ccccc1C#C,none
CCc1ccccc1N(C(=O)C(C)(C)Oc1ccccc1C)c1ccccc1CC,none
Cc1ccccc1OC(C)(C)C(=O)N(c1ccc(C#N)cc1)c1ccc(C#N)cc1,none
COc1ccccc1OC(C)(C)C(=O)N(c1ccc(C#N)cc1)c1ccc(C#N)cc1,none
C#Cc1ccccc1N(C(=O)C(C)(C)Oc1ccccc1)c1ccccc1C#C,none
CC(C)(Oc1ccccc1)C(=O)N(c1ccc(C#N)cc1)c1ccc(C#N)cc1,none
COc1ccccc1OC(C)(C)C(=O)N(c1ccccc1)c1ccccc1,none
CC(C)(Oc1ccccc1C(F)(F)F)C(=O)N(c1ccc(C#N)cc1)c1cccc(C#N)c1,none
CC(C)(Oc1ccccc1C(F)(F)F)C(=O)N(c1ccccc1)c1ccccc1,none
C#Cc1ccccc1OC(F)C(=O)N1CCCc2ccccc21,none
C#Cc1ccccc1OC(F)C(=O)N1c2ccccc2CCC1C,none
C#Cc1ccccc1OC(F)C(=O)N(C)c1ccccc1,none
COc1ccc(OC#Cc2ccccc2)c(C#N)c1,none
COc1ccc(OC#Cc2ccc(CC(C)C)cc2)c(C#N)c1,none
COc1ccc(O/C=C(\C)c2ccc(CC(C)C)cc2)c(C#N)c1,none
COc1ccc(OC#Cc2ccc(F)cc2)c(C#N)c1,none
COc1ccc(O/C=C/c2ccc(F)cc2)c(C#N)c1,none
Cc1ccccc1N(C(=O)Cc1ccc(F)cc1Cl)c1ccccc1C,none
C#Cc1ccccc1N(C(=O)Cc1ccc(F)cc1Cl)c1ccccc1C#C,none
CCCCc1ccccc1N(C(=O)Cc1cccc(C)c1C)c1ccccc1CCCC,none
C#Cc1ccccc1N(C(=O)Cc1ccccc1C)c1ccccc1C#C,none
Cc1cccc(CC(=O)N(c2ccc(C#N)cc2)c2ccc(C#N)cc2)c1C,none
Cc1cccc(C)c1CC(=O)N(c1ccc(C#N)cc1)c1ccc(C#N)cc1,none
CN1C(=O)c2c(C#N)cccc2CC1Cc1ccc(F)cc1,none
Fc1ccccc1CCNCc1cccc2ccccc12,none
Cc1cccc(CC2Cc3cccc(C#N)c3C(=O)N2C)c1,none
Cc1cccc(CCNC(=O)c2cccc3ccccc23)c1,none
Cc1cccc(CN2CCC3Cc4cccc(C#N)c4OC3C2)c1,none
Cc1cccc(C(=O)N(C)CCOc2cccc3c2CCCC3)c1,none
CCc1cccc(OC)c1C(=O)N(C)CCOc1c(C)ccc2c1CCCC2,none
COc1cccc(C)c1C(=O)N1CCC2Cc3cccc(C#N)c3OC2C1,none
CN(CCOc1cccc2c1CCCC2)C(=O)c1ccc(Cl)cc1,none
CC1c2cc(Cl)cc(C(C)(C)C)c2C(=O)N2CCC3Cc4cccc(C#N)c4OC3C12,none
C#Cc1ccccc1OC(=O)c1ccccc1-c1ccccc1,none
N#Cc1ccc(C2CCc3cccc(-c4ccccc4)c3C2)cc1,none
C#Cc1ccccc1C(C)Cc1ccccc1-c1ccccc1,none
N#Cc1ccc(C2=CCc3cccc(-c4ccccc4)c3O2)cc1,none
Cc1ccccc1CCC(=O)N(c1ccccc1)c1ccccc1F,none
Cc1ccccc1CC1Cc2cccc(C#N)c2N(c2ccccc2F)C1=O,none
Cc1ccccc1N(C(=O)CCc1ccccc1C(F)(F)F)c1ccccc1F,none
Cc1cccc(C(F)(F)F)c1CC1Cc2ccc(C#N)cc2N(c2c(F)cccc2F)C1=O,none
C#Cc1cccc(C)c1N(C(=O)CCc1cccc(F)c1)c1c(F)cccc1F,none
C#Cc1cccc2c1N(c1ccccc1F)C(=C)C(Cc1cccc(F)c1)C2,none
CCC(C)C(c1cccc(C[Si](OCc2cccc(C)c2)(C(C)C)C(C)C)c1)C(C)CC,none
CCC(C)c1cc(C#N)cc(C(C)CC)c1C[Si](OCc1cccc(C)c1)(C(C)C)C(C)C,none
CCC(C)C(c1cccc(C[Si](OCc2cccc(F)c2)(C(C)C)C(C)C)c1)C(C)CC,none
CCC(C)c1cc(C#N)cc(C(C)CC)c1C[Si](OCc1cccc(F)c1)(C(C)C)C(C)C,none
CCC(C)C(c1cccc(C[Si](OCc2cccc(Cl)c2)(C(C)C)C(C)C)c1)C(C)CC,none
CCC(C)c1cc(C#N)cc(C(C)CC)c1C[Si](OCc1cccc(Cl)c1)(C(C)C)C(C)C,none
CCC(C)C(c1cccc(C[Si](OCc2cccc(Br)c2)(C(C)C)C(C)C)c1)C(C)CC,none
CCC(C)c1cc(C#N)cc(C(C)CC)c1C[Si](OCc1cccc(Br)c1)(C(C)C)C(C)C,none
CCc1cc(OC)ccc1O[Si](Cc1ccccc1)(C(C)C)C(C)C,none
COc1cc(C#N)ccc1O[Si](Cc1ccccc1)(C(C)C)C(C)C,none
CCc1cc(OC)ccc1O[Si](Cc1ccccc1OC(F)(F)F)(C(C)C)C(C)C,none
COc1cc(C#N)ccc1O[Si](Cc1ccccc1OC(F)(F)F)(C(C)C)C(C)C,none
CCc1cc(OC)ccc1O[Si](Cc1cc(OC)ccc1Br)(C(C)C)C(C)C,none
COc1ccc(Br)c(C[Si](Oc2ccc(C#N)cc2OC)(C(C)C)C(C)C)c1,none
COc1cc(S(=O)(=O)N2CCc3ccccc32)ccc1C(C#N)(C(C)(C)C)C(C)(C)C,none
COc1ccc(S(=O)(=O)N2CCc3ccccc32)cc1C(C(C)(C)C)(C(C)(C)C)C(C)(C)C,none
COc1ccc(S(=O)(=O)N2C[C@@H]3Cc4ccccc4[C@]3(C)C2)cc1C(C#N)(C(C)(C)C)C(C)(C)C,none
COc1ccc(S(=O)(=O)N2c3ccccc3[C@]3(C)CCO[C@H]23)cc1C(C)(C(C)(C)C)C(C)(C)C,none
CCC[C@@]12CCN(S(=O)(=O)c3ccc(OC)c(C(C#N)(C(C)(C)C)C(C)(C)C)c3)[C@@H]1Cc1ccccc12,none
C#CC(c1cc(S(=O)(=O)N2c3ccccc3[C@]3(CCC)CCN(C(=O)OC)[C@H]23)ccc1OC)(C(C)(C)C)C(C)(C)C,none
C/C=C/c1ccccc1S(=O)(=O)N1CCc2cc(C)ccc2C1,none
Cc1ccc2c(c1)CCN(S(=O)(=O)c1ccc(C#N)cc1)C2,none
CC1CN2C(Cc3ccccc3S2(=O)=O)c2ccccc21,none
CC1CN(S(=O)(=O)c2ccc(C#N)cc2)Cc2ccccc21,none
Cc1ccccc1S(=O)(=O)N1CC2(CCCCC2)c2ccccc21,none
N#Cc1ccc(S(=O)(=O)N2CC3(CCCCC3)c3ccccc32)cc1,none
C#Cc1ccccc1S(=O)(=O)N1CCCc2ccccc21,none
N#Cc1ccc(S(=O)(=O)N2CCCc3ccccc32)cc1,none
C#Cc1ccccc1S(=O)(=O)N1CCOc2ccccc21,none
N#Cc1ccc(S(=O)(=O)N2CCOc3ccccc32)cc1,none
O=S(=O)(Cc1ccccc1)Oc1ccccc1,none
N#Cc1ccc(OS(=O)(=O)Cc2ccccc2)cc1,none
C#Cc1ccccc1OS(=O)(=O)Cc1ccccc1Cl,none
N#Cc1ccc(OS(=O)(=O)Cc2ccccc2Cl)cc1,none
O=S(=O)(Cc1ccc(F)cc1)Oc1ccc2ccccc2c1,none
N#Cc1ccc(OS(=O)(=O)Cc2ccc(F)cc2)cc1,none
CC#Cc1ccccc1OS(=O)(=O)Cc1ccc(C(C)C)cc1,none
CC(C)c1ccc(CS(=O)(=O)Oc2ccc(C#N)cc2)cc1,none
O=S(=O)(Cc1cccc(F)c1F)Oc1ccccc1,none
N#Cc1ccc(OS(=O)(=O)Cc2cccc(F)c2F)cc1,none
CC(C)C#Cc1ccccc1OS(=O)(=O)Cc1ccc(F)c(Br)c1,none
N#CC1CCCc2c(OS(=O)(=O)Cc3ccc(F)c(Br)c3)cccc21,none
C#CC1Cc2c(OS(=O)(=O)Cc3ccc(Br)cc3Br)cccc21,none
N#CC1Cc2c(OS(=O)(=O)Cc3ccc(Br)cc3Br)cccc21,none
N#Cc1ccc(OS(=O)(=O)Cc2ccccc2Oc2ccccc2)cc1,none
Cc1ccccc1OS(=O)(=O)Cc1ccccc1Oc1ccccc1,none
O=S(=O)(O)CCc1ccccc1,none
N#Cc1ccccc1OS(=O)(=O)C#Cc1ccccc1,none
COc1ccc(OCCCc2cccc(C)c2)c(C)c1,none
COc1ccc(OCC#Cc2cccc(C)c2)c(C#N)c1,none
COc1ccc(OCCOc2ccccc2)cc1,none
N#Cc1ccc(OCCOc2ccccc2)cc1,none
C#Cc1cc(OC)cc(C)c1OCCN(C(=O)OC(C)(C)C)c1c(C)cccc1C,none
Cc1cccc(C)c1N(C#COc1ccc(C#N)cc1)C(=O)OC(C)(C)C,none
C#Cc1cc(OC)ccc1OCCc1cc(C)ccc1C,none
C=C(COc1ccc(OC)cc1)OCCOc1ccccc1,none
COc1ccc(OCC2CCC(OC(=O)c3c(C)cccc3C)CC2)c(C#N)c1,none
COc1ccc(OCCCCOC(=O)c2c(C)cccc2C)c2c1CCC2,none
CCCCCc1ccccc1OP(=O)(Cc1cc(F)ccc1F)OCC,none
CCOP(=O)(Cc1ccc(C)cc1)Oc1ccc(C)cc1,none
CCOP(=O)(Cc1ccc(C)cc1)Oc1ccc(C#N)cc1,none
CCOP(=O)(Cc1ccc(OC)cc1)Oc1ccccc1C(C)(C)C,none
CCOP(=O)(Cc1ccc(OC)cc1)Oc1ccc(C#N)cc1,none
C#Cc1ccccc1OP(=O)(Cc1ccc(Cl)cc1)OCC,none
CCOP(=O)(Cc1ccc(Cl)cc1)Oc1ccc(C#N)cc1,none
CCOP(=O)(Cc1ccccc1)Oc1ccccc1,none
CCOP(=O)(Cc1ccccc1)Oc1ccc(C#N)cc1,none
CCOP(=O)(Cc1ccc(F)c(Br)c1)Oc1ccccc1C,none
CCOP(=O)(Cc1ccc(F)c(Br)c1)Oc1ccc(C#N)cc1,none
C=C(OCc1ccccc1)c1c(C)cccc1-c1ccccc1F,none
O=C1OC(c2ccccc2)Cc2cccc(-c3cccnc3F)c21,none
Cc1cccc(COC(=O)c2c(C)cccc2-c2ccccc2F)c1,none
Cc1cccc(C2Cc3cccc(-c4cccnc4F)c3C(=O)O2)c1,none
Cc1cccc(-c2ccccc2F)c1C(=O)OCc1cccc(Cl)c1,none
Cc1ccnc(F)c1-c1cccc2c1C(=O)OC(c1cccc(Cl)c1)C2,none
COc1ccc(CCOC(=O)c2c(C)cccc2-c2ccccc2F)cc1OC,none
COc1ccc(CC2Cc3cccc(-c4c(C)ccnc4F)c3C(=O)O2)cc1OC,none
Cc1cccc(-c2c(C)cccc2F)c1C(=O)OCc1ccccc1Cl,none
Fc1ncccc1-c1cccc2c1CCC(c1ccccc1Cl)C2,none
COc1c(F)ccc(C)c1COC(=O)c1c(C)cccc1-c1c(C)cccc1F,none
COc1c(F)cccc1C1CCc2c(cccc2-c2cccnc2F)C1,none
O=[N+]([O-])c1cccc2cc(-c3ccccc3OS(=O)(=O)Cc3ccccc3)ccc12,none
O=[N+]([O-])c1cccc2cc(-c3ccc(OS(=O)(=O)Cc4ccccc4)cc3)cnc12,none
Cc1cccc(CS(=O)(=O)Oc2ccccc2-c2ccc3c([N+](=O)[O-])cccc3c2)c1,none
Cc1cccc(CS(=O)(=O)Oc2ccc(-c3cnc4c([N+](=O)[O-])cccc4c3)cc2)c1,none
O=[N+]([O-])c1cccc2cc(-c3ccc(OS(=O)(=O)Cc4cc(F)ccc4F)cc3)cnc12,none
O=[N+]([O-])c1cccc2cc(-c3ccccc3OS(=O)(=O)Cc3cc(F)ccc3F)ccc12,none
CC(C)c1cc(-c2ccccc2F)c(NC(=O)Cc2ccccc2)c(C(C)C)c1,none
CC(C)c1cc(-c2cccnc2F)cc(C(C)C)c1NC(=O)Cc1ccccc1,none
CC(C)c1cc(-c2ccccc2F)c(NC(=O)C2CCc3ccccc32)c(C(C)C)c1,none
CC(C)c1cc(-c2cccnc2F)cc(C(C)C)c1NC(=O)C1CCc2ccccc21,none
Cc1ccc(S(=O)(=O)N2CC(C(=O)Nc3c(-c4ccccc4F)cc(C(C)C)cc3C(C)C)c3ccccc32)cc1,none
Cc1ccc(S(=O)(=O)N2CC(C(=O)Nc3c(C(C)C)cc(-c4cccnc4F)cc3C(C)C)c3ccccc32)cc1,none
CC(C)[Si](Cc1ccccc1OC(F)(F)F)(Oc1ccccc1-c1ccccc1)C(C)C,none
CC(C)[Si](Cc1ccccc1OC(F)(F)F)(Oc1ccc(-c2cncnc2)cc1)C(C)C,none
CC(C)[Si](Cc1ccccc1)(Oc1ccc(-c2ccccc2)cc1)C(C)C,none
CC(C)[Si](Cc1ccccc1)(Oc1ccc(-c2ccc(C#N)cc2)cc1)C(C)C,none
Cc1ccccc1-c1ccc(O[Si](C(C)C)(C(C)C)C(c2ccccc2)c2ccccc2)cc1,none
CC(C)[Si](Oc1ccc(-c2ccc(C#N)cc2)cc1)(C(C)C)C(c1ccccc1)c1ccccc1,none
C#Cc1ccccc1-c1ccc(O[Si](Cc2c(C)c(C)cc(C)c2C)(C(C)C)C(C)C)cc1,none
Cc1cc(C)c(C)c(C[Si](Oc2ccc(-c3ccc(C#N)cc3)cc2)(C(C)C)C(C)C)c1C,none
CCc1ccccc1-c1ccc(O[Si](Cc2c(C)cccc2C)(C(C)C)C(C)C)cc1,none
Cc1cccc(C)c1C[Si](Oc1ccc(-c2ccc(C#N)cc2)cc1)(C(C)C)C(C)C,none
CC(C)[Si](Cc1cccc(F)c1)(Oc1ccc(-c2ccccc2)cc1)C(C)C,none
CC(C)[Si](Cc1cccc(F)c1)(Oc1ccc(-c2ccc(C#N)cc2)cc1)C(C)C,none
Cc1ccccc1-c1ccc(O[Si](C(C)C)(C(C)C)C(C)c2ccccc2)cc1,none
CC(C)[Si](Oc1ccc(-c2ccc(C#N)cc2)cc1)(C(C)C)C(C)c1ccccc1,none
C#Cc1ccccc1-c1ccc(C[Si](Oc2ccccc2)(C(C)C)C(C)C)cc1,none
CC(C)[Si](Cc1ccc(-c2ccc(C#N)cc2)cc1)(Oc1ccccc1)C(C)C,none
CCc1ccccc1-c1ccc(C[Si](Oc2ccccc2C)(C(C)C)C(C)C)cc1,none
Cc1ccccc1O[Si](Cc1ccc(-c2ccc(C#N)cc2)cc1)(C(C)C)C(C)C,none
C#Cc1ccccc1-c1ccc(C[Si](Oc2ccccc2-c2ccccc2)(C(C)C)C(C)C)cc1,none
CC(C)[Si](Cc1ccc(-c2ccc(C#N)cc2)cc1)(Oc1ccccc1-c1ccccc1)C(C)C,none
CC(C)[Si](Cc1ccc(-c2ccccc2)cc1)(Oc1cccc(Cl)c1)C(C)C,none
CC(C)[Si](Cc1ccc(-c2ccc(C#N)cc2)cc1)(Oc1cccc(Cl)c1)C(C)C,none
Cc1cccc(C)c1-c1cccc(O[Si](Cc2ccc(-c3ccccc3)cc2)(C(C)C)C(C)C)c1,none
Cc1cccc(C)c1-c1cccc(O[Si](Cc2ccc(-c3ccc(C#N)cc3)cc2)(C(C)C)C(C)C)c1,none
CC(C)[Si](Cc1ccc(-c2ccccc2)cc1)(Oc1cccc(-c2cc3ccccc3s2)c1)C(C)C,none
CC(C)[Si](Cc1ccc(-c2ccc(C#N)cc2)cc1)(Oc1cccc(-c2cc3ccccc3s2)c1)C(C)C,none
COc1ccccc1O[Si](Cc1ccc(-c2ccccc2C)cc1)(C(C)C)C(C)C,none
COc1ccccc1O[Si](Cc1ccc(-c2ccc(C#N)cc2)cc1)(C(C)C)C(C)C,none
CCc1cc(OC)c(OC)cc1-c1ccc(C[Si](Oc2ccccc2)(C(C)C)C(C)C)cc1,none
COc1ccc(-c2ccc(C[Si](Oc3ccccc3)(C(C)C)C(C)C)cc2)cc1OC,none
C#Cc1cc(OC)c(OC)cc1-c1ccc(C[Si](Oc2ccccc2C)(C(C)C)C(C)C)cc1,none
CCc1cc(OC)c(OC)cc1-c1ccc(C[Si](Oc2ccccc2C)(C(C)C)C(C)C)cc1,none
C#Cc1cc(OC)c(OC)cc1-c1ccc(C[Si](Oc2cc(F)ccc2C)(C(C)C)C(C)C)cc1,none
COc1ccc(-c2ccc(C[Si](Oc3cc(F)ccc3C)(C(C)C)C(C)C)cc2)cc1OC,none
C#Cc1cc(OC)c(OC)cc1-c1ccc(C[Si](Oc2ccccc2)(C(C)C)C(C)C)cc1,none
COc1cc(C)c(-c2ccc(C[Si](Oc3ccccc3)(C(C)C)C(C)C)cc2)cc1OC,none
Cc1cccc(CCC(=O)N(Cc2cccc(-c3ccccc3Cl)c2)S(=O)(=O)c2ccc(Br)cc2)c1,none
Cc1cccc(CCC(=O)N(Cc2cccc(-c3ccncc3Cl)c2)S(=O)(=O)c2ccc(Br)cc2)c1,none
COc1cccc(CCC(=O)N(Cc2cccc(-c3ccccc3Cl)c2)S(=O)(=O)c2ccc(Br)cc2)c1,none
COc1cccc(CCC(=O)N(Cc2cccc(-c3ccncc3Cl)c2)S(=O)(=O)c2ccc(Br)cc2)c1,none
O=C(CCc1cccc(F)c1)N(Cc1cccc(-c2ccccc2Cl)c1)S(=O)(=O)c1ccc(Br)cc1,none
O=C(CCc1cccc(F)c1)N(Cc1cccc(-c2ccncc2Cl)c1)S(=O)(=O)c1ccc(Br)cc1,none
O=C(CCc1cccc(Cl)c1)N(Cc1cccc(-c2ccccc2Cl)c1)S(=O)(=O)c1ccc(Br)cc1,none
O=C(CCc1cccc(Cl)c1)N(Cc1cccc(-c2ccncc2Cl)c1)S(=O)(=O)c1ccc(Br)cc1,none
O=C(CCc1cccc(OC(F)(F)F)c1)N(Cc1cccc(-c2ccccc2Cl)c1)S(=O)(=O)c1ccc(Br)cc1,none
O=C(CCc1cccc(OC(F)(F)F)c1)N(Cc1cccc(-c2ccncc2Cl)c1)S(=O)(=O)c1ccc(Br)cc1,none
Cc1cccc(C)c1CCC(=O)N(Cc1cccc(-c2ccccc2Cl)c1)S(=O)(=O)c1ccc(Br)cc1,none
Cc1cccc(C)c1CCC(=O)N(Cc1cccc(-c2ccncc2Cl)c1)S(=O)(=O)c1ccc(Br)cc1,none
Cc1c(F)cccc1CCC(=O)N(Cc1cccc(-c2ccccc2Cl)c1)S(=O)(=O)c1ccc(Br)cc1,none
Cc1c(F)cccc1CCC(=O)N(Cc1cccc(-c2ccncc2Cl)c1)S(=O)(=O)c1ccc(Br)cc1,none
Cc1ccc(F)cc1CCC(=O)N(Cc1cccc(-c2ccccc2Cl)c1)S(=O)(=O)c1ccc(Br)cc1,none
Cc1ccc(F)cc1CCC(=O)N(Cc1cccc(-c2ccncc2Cl)c1)S(=O)(=O)c1ccc(Br)cc1,none
O=C(CCc1cc(F)cc(F)c1)N(Cc1cccc(-c2ccccc2Cl)c1)S(=O)(=O)c1ccc(Br)cc1,none
O=C(CCc1cc(F)cc(F)c1)N(Cc1cccc(-c2ccncc2Cl)c1)S(=O)(=O)c1ccc(Br)cc1,none
O=C(CCc1cccc(F)c1Cl)N(Cc1cccc(-c2ccccc2Cl)c1)S(=O)(=O)c1ccc(Br)cc1,none
O=C(CCc1cccc(F)c1Cl)N(Cc1cccc(-c2ccncc2Cl)c1)S(=O)(=O)c1ccc(Br)cc1,none
O=C(CCc1cc(F)cc(Cl)c1)N(Cc1cccc(-c2ccccc2Cl)c1)S(=O)(=O)c1ccc(Br)cc1,none
O=C(CCc1cc(F)cc(Cl)c1)N(Cc1cccc(-c2ccncc2Cl)c1)S(=O)(=O)c1ccc(Br)cc1,none
CC(CC(=O)N(Cc1ccccc1-c1ccccc1Cl)S(=O)(=O)c1ccc(Br)cc1)c1ccccc1,none
CC(CC(=O)N(Cc1ccccc1-c1ccncc1Cl)S(=O)(=O)c1ccc(Br)cc1)c1ccccc1,none
CCC(CC(=O)N(Cc1ccccc1-c1ccccc1Cl)S(=O)(=O)c1ccc(Br)cc1)c1ccccc1,none
CCC(CC(=O)N(Cc1ccccc1-c1ccncc1Cl)S(=O)(=O)c1ccc(Br)cc1)c1ccccc1,none
CN(Cc1cccc(-c2ccccc2F)c1)C(=O)CCc1ccccc1,none
CN(Cc1cccc(-c2ccncc2F)c1)C(=O)CCc1ccccc1,none
CN(Cc1cccc(-c2ccccc2Cl)c1)C(=O)CCc1ccccc1,none
CN(Cc1cccc(-c2ccncc2Cl)c1)C(=O)CCc1ccccc1,none
Cc1ccc(S(=O)(=O)N(Cc2cccc(-c3ccccc3F)c2)C(=O)CCc2ccccc2)cc1,none
Cc1ccc(S(=O)(=O)N(Cc2cccc(-c3ccncc3F)c2)C(=O)CCc2ccccc2)cc1,none
Cc1ccccc1CCC(=O)N(Cc1cccc(-c2ccccc2Cl)c1)S(=O)(=O)c1ccc(Br)cc1,none
Cc1ccccc1CCC(=O)N(Cc1cccc(-c2ccncc2Cl)c1)S(=O)(=O)c1ccc(Br)cc1,none
O=C(CCc1ccccc1Cl)N(Cc1cccc(-c2ccccc2Cl)c1)S(=O)(=O)c1ccc(Br)cc1,none
O=C(CCc1ccccc1Cl)N(Cc1cccc(-c2ccncc2Cl)c1)S(=O)(=O)c1ccc(Br)cc1,none
O=C(CCc1ccccc1OC(F)(F)F)N(Cc1cccc(-c2ccccc2Cl)c1)S(=O)(=O)c1ccc(Br)cc1,none
O=C(CCc1ccccc1OC(F)(F)F)N(Cc1cccc(-c2ccncc2Cl)c1)S(=O)(=O)c1ccc(Br)cc1,none
CC(CC(=O)N(Cc1cccc(-c2ccccc2Cl)c1)S(=O)(=O)c1ccc(Br)cc1)c1ccccc1,none
CC(CC(=O)N(Cc1cccc(-c2ccncc2Cl)c1)S(=O)(=O)c1ccc(Br)cc1)c1ccccc1,none
CCC(CC(=O)N(Cc1cccc(-c2ccccc2Cl)c1)S(=O)(=O)c1ccc(Br)cc1)c1ccccc1,none
CCC(CC(=O)N(Cc1cccc(-c2ccncc2Cl)c1)S(=O)(=O)c1ccc(Br)cc1)c1ccccc1,none
O=C(c1ccccc1-c1ccccc1)N(Cc1cccc(-c2ccccc2Cl)c1)S(=O)(=O)c1ccc(Br)cc1,none
O=C(c1ccccc1-c1ccccc1)N(Cc1cccc(-c2ccncc2Cl)c1)S(=O)(=O)c1ccc(Br)cc1,none
Cc1ccccc1-c1ccccc1C(=O)N(Cc1cccc(-c2ccccc2Cl)c1)S(=O)(=O)c1ccc(Br)cc1,none
Cc1ccccc1-c1ccccc1C(=O)N(Cc1cccc(-c2ccncc2Cl)c1)S(=O)(=O)c1ccc(Br)cc1,none
COc1cccc(-c2ccccc2C(=O)N(Cc2cccc(-c3ccccc3Cl)c2)S(=O)(=O)c2ccc(Br)cc2)c1,none
COc1cccc(-c2ccccc2C(=O)N(Cc2cccc(-c3ccncc3Cl)c2)S(=O)(=O)c2ccc(Br)cc2)c1,none
O=C(c1ccccc1-c1cccc(F)c1)N(Cc1cccc(-c2ccccc2Cl)c1)S(=O)(=O)c1ccc(Br)cc1,none
O=C(c1ccccc1-c1cccc(F)c1)N(Cc1cccc(-c2ccncc2Cl)c1)S(=O)(=O)c1ccc(Br)cc1,none
O=C(c1ccccc1-c1cc(F)cc(F)c1)N(Cc1cccc(-c2ccccc2Cl)c1)S(=O)(=O)c1ccc(Br)cc1,none
O=C(c1ccccc1-c1cc(F)cc(F)c1)N(Cc1cccc(-c2ccncc2Cl)c1)S(=O)(=O)c1ccc(Br)cc1,none
O=C(OCc1ccccc1)N(Cc1cccc(-c2ccccc2Cl)c1)S(=O)(=O)c1ccc(Br)cc1,none
O=C(OCc1ccccc1)N(Cc1cccc(-c2ccncc2Cl)c1)S(=O)(=O)c1ccc(Br)cc1,none
O=C(OCc1cccc(F)c1)N(Cc1cccc(-c2ccccc2Cl)c1)S(=O)(=O)c1ccc(Br)cc1,none
O=C(OCc1cccc(F)c1)N(Cc1cccc(-c2ccncc2Cl)c1)S(=O)(=O)c1ccc(Br)cc1,none
O=C(OCc1cccc(Cl)c1)N(Cc1cccc(-c2ccccc2Cl)c1)S(=O)(=O)c1ccc(Br)cc1,none
O=C(OCc1cccc(Cl)c1)N(Cc1cccc(-c2ccncc2Cl)c1)S(=O)(=O)c1ccc(Br)cc1,none
C=C(Cc1ccccc1C)C(C)CC,none
Cc1cccc2c1CC(=O)N(C)O2,none
Cc1ccccc1C(F)(F)F,none
O=C1Cc2c(cccc2C(F)(F)F)ON1,none
C=C(Cc1ccccc1)Cc1cccc2ccccc12,none
c1ccccc1,none
C=C(Cc1cccc2ccccc12)C(C)c1ccc(CC(C)C)cc1,none
C=C(Cl)/C=C\C,none
C=C(Cc1cccc(C)c1)C(C)CC,none
CCC(C)CCc1cccc(C)c1,none
C=CCc1ccccc1,none
C#Cc1ccccc1,none
C=C(Cc1ccc(C)cc1)C(C)CC,none
CON(C)C1Cc2ccc(C)cc2CO1,none
C=C(Cc1ccccc1OC)C(C)CC,none
COc1cccc2c1CC(N(C)OC)OC2,none
C=C(Cc1ccccc1F)C(C)CC,none
CON(C)C1Cc2c(F)cccc2CO1,none
C=C(Cc1cccc(Cl)c1)C(C)CC,none
CON(C)C1Cc2cc(Cl)ccc2CO1,none
C=C(Cc1ccc(C(F)(F)F)cc1)C(C)CC,none
CON(C)C1Cc2ccc(C(F)(F)F)cc2CO1,none
C=C(Cc1ccc(Cl)cc1Cl)C(C)CC,none
CON(C)C1Cc2c(Cl)cc(Cl)cc2CO1,none
C=C(c1ccccc1-c1ccccc1)C(C)CC,none
C=C(CC)Cc1ccccc1,none
COC1Cc2ccccc2CO1,none
CC(C)OC1Cc2ccccc2CO1,none
C=C(Cc1ccccc1C)CC(C)C,none
Cc1cccc2c1CC(OC(C)C)OC2,none
C=C(Cc1cccc(C)c1)CC(C)C,none
Cc1ccc2c(c1)CC(OC(C)C)OC2,none
C=C(C)Cc1cc(OC)ccc1OC,none
CCOC1Cc2c(OC)ccc(OC)c2CO1,none
C=C(Cc1cc(OC)c(Cl)cc1OC)CC(C)C,none
COc1cc(Cl)c(OC)c2c1CC(OC(C)C)OC2,none
C=C(C)Cc1ccccc1,none
O=C1CCc2ccccc2C1,none
CC1Cc2ccccc2CC1=O,none
C=C(C)Cc1ccccc1C,none
C=C(C)Cc1cccc(OC)c1,none
COc1ccc2c(c1)CCOC2,none
C=C(C)Cc1ccc(OC)c(OC)c1,none
COc1cc2c(cc1OC)COCC2,none
C=C(C)CCc1ccccc1,none
